id,
5014',
9566',
5626',
6435',
649',
10050',
2985',
827',
6609',
6357',
1539',
7755',
6249',
3735',
885',
7206',
6329',
1610',
5702',
1093',
5561',
4544',
4439',
939',
6063',
5749',
3389',
6050',
3544',
3238',
5986',
441',
309',
437',
6361',
9567',
5015',
1718',
399',
5627',
650',
461',
10051',
1540',
10794',
338',
77',
5718',
7207',
60',
1611',
992',
5460',
20',
5792',
5703',
4440',
6100',
6051',
5987',
3239',
2984',
6608',
826',
6434',
6356',
442',
1719',
6248',
438',
7754',
5300',
884',
400',
9690',
6328',
462',
10795',
339',
1092',
5560',
4543',
5719',
938',
6062',
5748',
3388',
76',
993',
3543',
5461',
130',
5793',
15',
308',
6360',
F45EAB9BFE45',
606405B93FB6',
F45EAB95EB7A',
9884E3209408',
F45EAB95ED67',
209148E036FB',
A81B6A7AF0DD',
A81B6A64D32A',
A81B6A7B1BA5',
A81B6A7A5C74',
606405C9517E',
209148E036DE',
A81B6A7AF580',
F45EAB9F74E4',
F45EAB95E889',
F45EAB9C02DC',
606405AA0722',
F45EAB9C48F6',
F45EABA32F2E',
A81B6A6463E9',
9884E32091E7',
606405C9418C',
9884E320942F',
209148E036E8',
F45EAB08F8CD',
A81B6A641C8B',
9884E3206135',
F45EAB95EA05',
D0B5C2F31E1F',
9884E320987A',
F45EAB9C02DF',
F45EAB95EA75',
F45EABA254AA',
606405CA407A',
A81B6A646611',
606405A9F0C5',
F45EABA335D0',
A81B6A7A5B06',
Hawthorne,
Rose Park